date,date.1,open,high,low,close,volume
2023-06-01 09:45:00,2023-06-01 09:45:00,44052.6,44148.05,44041.0,44063.95,0
2023-06-01 10:15:00,2023-06-01 10:15:00,44061.65,44132.15,44035.55,44091.95,0
2023-06-01 10:45:00,2023-06-01 10:45:00,44098.95,44119.9,44054.7,44107.65,0
2023-06-01 11:15:00,2023-06-01 11:15:00,44108.3,44124.05,44063.55,44109.65,0
2023-06-01 11:45:00,2023-06-01 11:45:00,44109.5,44141.8,44043.9,44065.2,0
2023-06-01 12:15:00,2023-06-01 12:15:00,44067.55,44164.0,44045.1,44125.25,0
2023-06-01 12:45:00,2023-06-01 12:45:00,44126.6,44143.6,44081.45,44142.8,0
2023-06-01 13:15:00,2023-06-01 13:15:00,44142.1,44177.95,44114.7,44146.05,0
2023-06-01 13:45:00,2023-06-01 13:45:00,44145.75,44149.55,44000.05,44010.0,0
2023-06-01 14:15:00,2023-06-01 14:15:00,44009.75,44015.85,43923.9,43932.6,0
2023-06-01 14:45:00,2023-06-01 14:45:00,43934.7,43978.9,43794.65,43794.65,0
2023-06-01 15:15:00,2023-06-01 15:15:00,43795.6,43801.15,43708.25,43790.0,0
2023-06-02 09:45:00,2023-06-02 09:45:00,43996.0,44011.65,43825.35,43848.95,0
2023-06-02 10:15:00,2023-06-02 10:15:00,43847.8,43904.0,43813.65,43879.8,0
2023-06-02 10:45:00,2023-06-02 10:45:00,43880.4,43936.3,43869.65,43933.9,0
2023-06-02 11:15:00,2023-06-02 11:15:00,43936.95,43997.85,43892.6,43963.55,0
2023-06-02 11:45:00,2023-06-02 11:45:00,43962.8,43995.35,43949.35,43967.25,0
2023-06-02 12:15:00,2023-06-02 12:15:00,43965.7,44005.6,43936.05,43973.05,0
2023-06-02 12:45:00,2023-06-02 12:45:00,43972.5,44061.15,43958.6,44042.15,0
2023-06-02 13:15:00,2023-06-02 13:15:00,44041.45,44074.65,44019.7,44061.85,0
2023-06-02 13:45:00,2023-06-02 13:45:00,44062.2,44088.9,43935.15,43957.9,0
2023-06-02 14:15:00,2023-06-02 14:15:00,43957.05,43957.05,43840.15,43877.7,0
2023-06-02 14:45:00,2023-06-02 14:45:00,43878.6,44020.75,43860.8,43950.9,0
2023-06-02 15:15:00,2023-06-02 15:15:00,43950.25,43961.35,43852.3,43880.75,0
2023-06-05 09:45:00,2023-06-05 09:45:00,44198.9,44245.7,44189.5,44198.75,0
2023-06-05 10:15:00,2023-06-05 10:15:00,44198.6,44230.0,44151.95,44166.25,0
2023-06-05 10:45:00,2023-06-05 10:45:00,44165.95,44254.7,44165.95,44243.7,0
2023-06-05 11:15:00,2023-06-05 11:15:00,44243.9,44261.95,44207.0,44219.1,0
2023-06-05 11:45:00,2023-06-05 11:45:00,44217.45,44227.5,44158.85,44206.25,0
2023-06-05 12:15:00,2023-06-05 12:15:00,44206.85,44220.35,44171.8,44201.5,0
2023-06-05 12:45:00,2023-06-05 12:45:00,44202.2,44226.15,44165.85,44186.65,0
2023-06-05 13:15:00,2023-06-05 13:15:00,44184.65,44245.9,44174.85,44214.05,0
2023-06-05 13:45:00,2023-06-05 13:45:00,44214.6,44265.25,44182.6,44201.45,0
2023-06-05 14:15:00,2023-06-05 14:15:00,44204.45,44216.25,44168.5,44174.6,0
2023-06-05 14:45:00,2023-06-05 14:45:00,44174.5,44194.75,44075.7,44122.3,0
2023-06-05 15:15:00,2023-06-05 15:15:00,44121.35,44149.3,44078.2,44099.75,0
2023-06-06 09:45:00,2023-06-06 09:45:00,44151.65,44165.75,44064.2,44085.15,0
2023-06-06 10:15:00,2023-06-06 10:15:00,44082.25,44093.8,44054.0,44084.8,0
2023-06-06 10:45:00,2023-06-06 10:45:00,44082.4,44095.3,44011.0,44039.4,0
2023-06-06 11:15:00,2023-06-06 11:15:00,44038.35,44083.0,44009.7,44066.05,0
2023-06-06 11:45:00,2023-06-06 11:45:00,44065.5,44104.3,44057.35,44084.55,0
2023-06-06 12:15:00,2023-06-06 12:15:00,44082.7,44126.65,44069.8,44090.6,0
2023-06-06 12:45:00,2023-06-06 12:45:00,44092.25,44109.5,44054.05,44095.55,0
2023-06-06 13:15:00,2023-06-06 13:15:00,44097.05,44129.0,44060.7,44110.35,0
2023-06-06 13:45:00,2023-06-06 13:45:00,44110.6,44136.1,44069.75,44074.6,0
2023-06-06 14:15:00,2023-06-06 14:15:00,44071.35,44098.1,44036.1,44041.8,0
2023-06-06 14:45:00,2023-06-06 14:45:00,44041.6,44233.95,44036.75,44219.35,0
2023-06-06 15:15:00,2023-06-06 15:15:00,44215.7,44235.9,44186.75,44209.4,0
2023-06-07 09:45:00,2023-06-07 09:45:00,44292.75,44292.75,44236.0,44265.1,0
2023-06-07 10:15:00,2023-06-07 10:15:00,44264.45,44277.25,44198.9,44205.2,0
2023-06-07 10:45:00,2023-06-07 10:45:00,44207.35,44225.75,44173.95,44211.25,0
2023-06-07 11:15:00,2023-06-07 11:15:00,44209.8,44227.4,44153.35,44163.85,0
2023-06-07 11:45:00,2023-06-07 11:45:00,44162.65,44185.35,44148.65,44161.05,0
2023-06-07 12:15:00,2023-06-07 12:15:00,44158.15,44225.6,44157.05,44221.95,0
2023-06-07 12:45:00,2023-06-07 12:45:00,44222.65,44239.55,44192.05,44214.25,0
2023-06-07 13:15:00,2023-06-07 13:15:00,44215.3,44224.15,44148.9,44166.9,0
2023-06-07 13:45:00,2023-06-07 13:45:00,44166.75,44221.35,44166.05,44172.45,0
2023-06-07 14:15:00,2023-06-07 14:15:00,44170.85,44237.7,44164.25,44232.45,0
2023-06-07 14:45:00,2023-06-07 14:45:00,44234.5,44286.0,44214.8,44280.65,0
2023-06-07 15:15:00,2023-06-07 15:15:00,44281.55,44293.45,44261.15,44279.6,0
2023-06-08 09:45:00,2023-06-08 09:45:00,44288.95,44435.75,44287.6,44405.95,0
2023-06-08 10:15:00,2023-06-08 10:15:00,44406.75,44452.05,44394.05,44436.85,0
2023-06-08 10:45:00,2023-06-08 10:45:00,44437.15,44458.15,44415.05,44429.75,0
2023-06-08 11:15:00,2023-06-08 11:15:00,44429.4,44452.55,44378.5,44382.05,0
2023-06-08 11:45:00,2023-06-08 11:45:00,44381.35,44415.65,44254.6,44303.6,0
2023-06-08 12:15:00,2023-06-08 12:15:00,44300.8,44302.4,44209.9,44273.2,0
2023-06-08 12:45:00,2023-06-08 12:45:00,44273.4,44290.25,44214.05,44245.65,0
2023-06-08 13:15:00,2023-06-08 13:15:00,44245.0,44289.25,44210.8,44284.0,0
2023-06-08 13:45:00,2023-06-08 13:45:00,44283.55,44348.9,44172.9,44226.15,0
2023-06-08 14:15:00,2023-06-08 14:15:00,44225.45,44248.2,44184.9,44228.95,0
2023-06-08 14:45:00,2023-06-08 14:45:00,44230.5,44231.7,43964.0,43965.6,0
2023-06-08 15:15:00,2023-06-08 15:15:00,43966.85,44024.8,43918.1,44007.7,0
2023-06-09 09:45:00,2023-06-09 09:45:00,43999.75,44218.05,43997.6,44165.2,0
2023-06-09 10:15:00,2023-06-09 10:15:00,44161.5,44177.65,44107.1,44143.8,0
2023-06-09 10:45:00,2023-06-09 10:45:00,44144.5,44166.8,44075.25,44139.1,0
2023-06-09 11:15:00,2023-06-09 11:15:00,44140.5,44165.6,44103.55,44125.1,0
2023-06-09 11:45:00,2023-06-09 11:45:00,44123.35,44179.45,44123.35,44162.05,0
2023-06-09 12:15:00,2023-06-09 12:15:00,44162.25,44199.25,44089.95,44094.2,0
2023-06-09 12:45:00,2023-06-09 12:45:00,44094.2,44095.4,44030.5,44093.25,0
2023-06-09 13:15:00,2023-06-09 13:15:00,44092.3,44108.35,44020.7,44054.25,0
2023-06-09 13:45:00,2023-06-09 13:45:00,44055.15,44080.5,43973.7,43987.45,0
2023-06-09 14:15:00,2023-06-09 14:15:00,43986.05,44066.65,43954.35,43984.85,0
2023-06-09 14:45:00,2023-06-09 14:45:00,43986.7,44021.55,43962.25,43993.25,0
2023-06-09 15:15:00,2023-06-09 15:15:00,43993.05,44010.0,43970.9,43990.6,0
2023-06-12 09:45:00,2023-06-12 09:45:00,43989.95,44018.3,43940.5,43969.8,0
2023-06-12 10:15:00,2023-06-12 10:15:00,43971.2,44038.5,43961.1,43992.25,0
2023-06-12 10:45:00,2023-06-12 10:45:00,43990.55,44010.85,43966.15,44010.55,0
2023-06-12 11:15:00,2023-06-12 11:15:00,44010.55,44013.0,43949.75,43989.3,0
2023-06-12 11:45:00,2023-06-12 11:45:00,43990.05,44045.0,43984.15,44011.7,0
2023-06-12 12:15:00,2023-06-12 12:15:00,44010.65,44020.3,43965.95,43973.95,0
2023-06-12 12:45:00,2023-06-12 12:45:00,43973.75,43982.25,43940.7,43967.85,0
2023-06-12 13:15:00,2023-06-12 13:15:00,43967.9,43997.1,43949.05,43959.15,0
2023-06-12 13:45:00,2023-06-12 13:45:00,43960.75,44002.85,43939.3,43977.9,0
2023-06-12 14:15:00,2023-06-12 14:15:00,43975.95,43990.45,43874.05,43907.9,0
2023-06-12 14:45:00,2023-06-12 14:45:00,43910.95,43997.25,43908.9,43937.3,0
2023-06-12 15:15:00,2023-06-12 15:15:00,43944.4,43960.65,43929.0,43956.45,0
2023-06-13 09:45:00,2023-06-13 09:45:00,44115.2,44119.0,44059.15,44066.05,0
2023-06-13 10:15:00,2023-06-13 10:15:00,44066.2,44115.55,44039.85,44111.15,0
2023-06-13 10:45:00,2023-06-13 10:45:00,44107.85,44111.8,44077.05,44082.55,0
2023-06-13 11:15:00,2023-06-13 11:15:00,44083.35,44117.65,44065.65,44084.85,0
2023-06-13 11:45:00,2023-06-13 11:45:00,44088.2,44090.05,44014.1,44031.55,0
2023-06-13 12:15:00,2023-06-13 12:15:00,44031.9,44040.8,44005.5,44026.85,0
2023-06-13 12:45:00,2023-06-13 12:45:00,44027.05,44038.1,43999.6,44036.0,0
2023-06-13 13:15:00,2023-06-13 13:15:00,44035.45,44064.6,44017.7,44059.05,0
2023-06-13 13:45:00,2023-06-13 13:45:00,44059.85,44069.8,43947.35,43992.65,0
2023-06-13 14:15:00,2023-06-13 14:15:00,43986.3,44003.1,43949.55,43977.0,0
2023-06-13 14:45:00,2023-06-13 14:45:00,43981.15,44103.75,43965.25,44095.05,0
2023-06-13 15:15:00,2023-06-13 15:15:00,44093.3,44137.8,44085.2,44109.05,0
2023-06-14 09:45:00,2023-06-14 09:45:00,44003.15,44041.45,43966.3,43988.1,0
2023-06-14 10:15:00,2023-06-14 10:15:00,43990.25,44021.85,43968.05,44017.85,0
2023-06-14 10:45:00,2023-06-14 10:45:00,44018.05,44048.8,43971.9,43992.95,0
2023-06-14 11:15:00,2023-06-14 11:15:00,43997.35,44007.95,43972.2,43984.0,0
2023-06-14 11:45:00,2023-06-14 11:45:00,43984.8,44032.6,43970.6,44018.3,0
2023-06-14 12:15:00,2023-06-14 12:15:00,44021.05,44043.0,43992.25,44008.25,0
2023-06-14 12:45:00,2023-06-14 12:45:00,44000.1,44036.25,43976.35,44029.55,0
2023-06-14 13:15:00,2023-06-14 13:15:00,44031.85,44063.35,44002.9,44018.3,0
2023-06-14 13:45:00,2023-06-14 13:45:00,44024.9,44035.7,43979.6,43996.25,0
2023-06-14 14:15:00,2023-06-14 14:15:00,43999.35,44035.0,43957.3,44026.05,0
2023-06-14 14:45:00,2023-06-14 14:45:00,44025.4,44038.0,43988.2,43994.0,0
2023-06-14 15:15:00,2023-06-14 15:15:00,43994.7,43998.6,43958.7,43964.8,0
2023-06-15 09:45:00,2023-06-15 09:45:00,43892.6,43942.4,43886.05,43896.6,0
2023-06-15 10:15:00,2023-06-15 10:15:00,43895.85,43960.05,43894.8,43917.35,0
2023-06-15 10:45:00,2023-06-15 10:45:00,43915.4,43943.25,43872.0,43882.35,0
2023-06-15 11:15:00,2023-06-15 11:15:00,43881.75,43887.55,43736.5,43762.55,0
2023-06-15 11:45:00,2023-06-15 11:45:00,43760.2,43791.8,43717.4,43757.35,0
2023-06-15 12:15:00,2023-06-15 12:15:00,43755.2,43780.7,43658.45,43665.7,0
2023-06-15 12:45:00,2023-06-15 12:45:00,43666.0,43726.45,43636.7,43666.5,0
2023-06-15 13:15:00,2023-06-15 13:15:00,43664.6,43709.95,43630.75,43666.55,0
2023-06-15 13:45:00,2023-06-15 13:45:00,43665.05,43728.1,43520.9,43525.55,0
2023-06-15 14:15:00,2023-06-15 14:15:00,43521.05,43552.75,43429.2,43457.4,0
2023-06-15 14:45:00,2023-06-15 14:45:00,43456.0,43506.85,43400.95,43404.9,0
2023-06-15 15:15:00,2023-06-15 15:15:00,43410.85,43453.2,43397.5,43453.2,0
2023-06-16 09:45:00,2023-06-16 09:45:00,43692.8,43734.95,43660.3,43734.9,0
2023-06-16 10:15:00,2023-06-16 10:15:00,43734.1,43768.05,43714.8,43752.35,0
2023-06-16 10:45:00,2023-06-16 10:45:00,43752.85,43763.8,43704.6,43738.3,0
2023-06-16 11:15:00,2023-06-16 11:15:00,43740.5,43793.65,43694.4,43787.75,0
2023-06-16 11:45:00,2023-06-16 11:45:00,43785.5,43819.15,43774.1,43792.95,0
2023-06-16 12:15:00,2023-06-16 12:15:00,43792.65,43810.2,43742.2,43759.6,0
2023-06-16 12:45:00,2023-06-16 12:45:00,43765.25,43792.45,43738.85,43766.3,0
2023-06-16 13:15:00,2023-06-16 13:15:00,43762.6,43768.9,43720.05,43741.2,0
2023-06-16 13:45:00,2023-06-16 13:45:00,43740.05,43785.9,43685.2,43782.25,0
2023-06-16 14:15:00,2023-06-16 14:15:00,43782.2,43870.05,43768.6,43868.05,0
2023-06-16 14:45:00,2023-06-16 14:45:00,43871.25,44077.55,43862.95,43926.85,0
2023-06-16 15:15:00,2023-06-16 15:15:00,43930.45,43949.75,43832.55,43906.65,0
2023-06-19 09:45:00,2023-06-19 09:45:00,43932.15,43964.05,43857.2,43863.45,0
2023-06-19 10:15:00,2023-06-19 10:15:00,43864.6,43869.95,43717.3,43739.95,0
2023-06-19 10:45:00,2023-06-19 10:45:00,43740.8,43741.6,43596.85,43675.6,0
2023-06-19 11:15:00,2023-06-19 11:15:00,43671.2,43703.5,43619.45,43659.2,0
2023-06-19 11:45:00,2023-06-19 11:45:00,43659.65,43688.6,43594.85,43646.55,0
2023-06-19 12:15:00,2023-06-19 12:15:00,43643.95,43707.1,43642.4,43684.9,0
2023-06-19 12:45:00,2023-06-19 12:45:00,43688.75,43757.1,43555.9,43587.75,0
2023-06-19 13:15:00,2023-06-19 13:15:00,43589.35,43597.75,43502.35,43554.9,0
2023-06-19 13:45:00,2023-06-19 13:45:00,43560.1,43601.35,43525.95,43576.45,0
2023-06-19 14:15:00,2023-06-19 14:15:00,43578.1,43687.55,43512.6,43677.5,0
2023-06-19 14:45:00,2023-06-19 14:45:00,43678.4,43718.05,43574.0,43662.65,0
2023-06-19 15:15:00,2023-06-19 15:15:00,43664.85,43673.2,43615.3,43644.05,0
2023-06-20 09:45:00,2023-06-20 09:45:00,43451.85,43510.9,43417.65,43440.15,0
2023-06-20 10:15:00,2023-06-20 10:15:00,43438.7,43454.95,43347.4,43373.15,0
2023-06-20 10:45:00,2023-06-20 10:45:00,43375.8,43435.1,43360.35,43420.7,0
2023-06-20 11:15:00,2023-06-20 11:15:00,43417.55,43475.75,43378.95,43442.05,0
2023-06-20 11:45:00,2023-06-20 11:45:00,43440.8,43458.8,43405.65,43413.6,0
2023-06-20 12:15:00,2023-06-20 12:15:00,43411.7,43441.55,43394.2,43419.4,0
2023-06-20 12:45:00,2023-06-20 12:45:00,43416.8,43584.7,43400.05,43528.0,0
2023-06-20 13:15:00,2023-06-20 13:15:00,43527.5,43569.2,43497.3,43523.8,0
2023-06-20 13:45:00,2023-06-20 13:45:00,43523.7,43554.2,43467.1,43534.25,0
2023-06-20 14:15:00,2023-06-20 14:15:00,43531.3,43654.65,43490.4,43600.6,0
2023-06-20 14:45:00,2023-06-20 14:45:00,43598.75,43790.05,43585.0,43777.65,0
2023-06-20 15:15:00,2023-06-20 15:15:00,43778.45,43822.75,43771.5,43796.5,0
2023-06-21 09:45:00,2023-06-21 09:45:00,43895.9,43919.95,43866.9,43878.25,0
2023-06-21 10:15:00,2023-06-21 10:15:00,43881.65,43883.2,43765.65,43787.45,0
2023-06-21 10:45:00,2023-06-21 10:45:00,43787.1,43832.7,43722.25,43722.45,0
2023-06-21 11:15:00,2023-06-21 11:15:00,43727.7,43805.95,43700.25,43779.85,0
2023-06-21 11:45:00,2023-06-21 11:45:00,43780.15,43807.45,43756.0,43777.95,0
2023-06-21 12:15:00,2023-06-21 12:15:00,43779.35,43832.4,43750.65,43826.65,0
2023-06-21 12:45:00,2023-06-21 12:45:00,43827.65,43877.05,43815.75,43858.6,0
2023-06-21 13:15:00,2023-06-21 13:15:00,43858.25,43915.8,43842.85,43873.9,0
2023-06-21 13:45:00,2023-06-21 13:45:00,43874.75,43931.65,43835.45,43886.4,0
2023-06-21 14:15:00,2023-06-21 14:15:00,43886.95,43886.95,43786.05,43814.55,0
2023-06-21 14:45:00,2023-06-21 14:45:00,43817.1,43896.25,43814.7,43883.7,0
2023-06-21 15:15:00,2023-06-21 15:15:00,43885.65,43897.1,43823.1,43863.8,0
2023-06-22 09:45:00,2023-06-22 09:45:00,43946.0,43960.95,43883.15,43912.3,0
2023-06-22 10:15:00,2023-06-22 10:15:00,43910.9,43984.25,43884.85,43943.55,0
2023-06-22 10:45:00,2023-06-22 10:45:00,43943.55,43959.5,43903.5,43930.25,0
2023-06-22 11:15:00,2023-06-22 11:15:00,43929.55,43945.9,43885.9,43934.6,0
2023-06-22 11:45:00,2023-06-22 11:45:00,43933.35,43936.45,43823.5,43848.6,0
2023-06-22 12:15:00,2023-06-22 12:15:00,43848.65,43884.4,43808.2,43818.4,0
2023-06-22 12:45:00,2023-06-22 12:45:00,43819.3,43835.85,43724.4,43783.45,0
2023-06-22 13:15:00,2023-06-22 13:15:00,43784.3,44028.3,43759.2,44006.2,0
2023-06-22 13:45:00,2023-06-22 13:45:00,44014.15,44039.35,43909.3,43932.2,0
2023-06-22 14:15:00,2023-06-22 14:15:00,43933.55,43948.2,43664.65,43803.15,0
2023-06-22 14:45:00,2023-06-22 14:45:00,43804.95,43858.4,43692.4,43698.5,0
2023-06-22 15:15:00,2023-06-22 15:15:00,43698.25,43750.85,43679.2,43716.5,0
2023-06-23 09:45:00,2023-06-23 09:45:00,43569.25,43736.7,43567.7,43684.95,0
2023-06-23 10:15:00,2023-06-23 10:15:00,43688.95,43792.45,43679.8,43734.1,0
2023-06-23 10:45:00,2023-06-23 10:45:00,43733.0,43740.35,43663.65,43734.9,0
2023-06-23 11:15:00,2023-06-23 11:15:00,43734.35,43746.55,43673.45,43711.4,0
2023-06-23 11:45:00,2023-06-23 11:45:00,43718.85,43761.3,43691.15,43720.95,0
2023-06-23 12:15:00,2023-06-23 12:15:00,43723.75,43808.9,43708.15,43797.6,0
2023-06-23 12:45:00,2023-06-23 12:45:00,43797.9,43822.05,43673.8,43723.75,0
2023-06-23 13:15:00,2023-06-23 13:15:00,43724.95,43774.55,43696.4,43747.25,0
2023-06-23 13:45:00,2023-06-23 13:45:00,43749.1,43788.8,43642.9,43659.95,0
2023-06-23 14:15:00,2023-06-23 14:15:00,43658.95,43759.4,43609.25,43683.65,0
2023-06-23 14:45:00,2023-06-23 14:45:00,43686.85,43719.55,43617.85,43638.9,0
2023-06-23 15:15:00,2023-06-23 15:15:00,43637.35,43648.3,43585.9,43617.05,0
2023-06-26 09:45:00,2023-06-26 09:45:00,43699.75,43709.5,43594.6,43618.45,0
2023-06-26 10:15:00,2023-06-26 10:15:00,43621.15,43657.75,43553.95,43571.05,0
2023-06-26 10:45:00,2023-06-26 10:45:00,43572.45,43642.05,43555.15,43610.95,0
2023-06-26 11:15:00,2023-06-26 11:15:00,43614.9,43665.8,43597.0,43601.15,0
2023-06-26 11:45:00,2023-06-26 11:45:00,43602.05,43642.2,43588.35,43640.8,0
2023-06-26 12:15:00,2023-06-26 12:15:00,43641.05,43688.95,43619.85,43627.65,0
2023-06-26 12:45:00,2023-06-26 12:45:00,43628.85,43639.3,43573.95,43619.5,0
2023-06-26 13:15:00,2023-06-26 13:15:00,43620.15,43655.85,43596.95,43604.35,0
2023-06-26 13:45:00,2023-06-26 13:45:00,43605.7,43621.45,43559.9,43599.95,0
2023-06-26 14:15:00,2023-06-26 14:15:00,43600.4,43618.3,43541.75,43580.55,0
2023-06-26 14:45:00,2023-06-26 14:45:00,43582.0,43687.2,43573.8,43666.35,0
2023-06-26 15:15:00,2023-06-26 15:15:00,43667.25,43671.8,43588.9,43653.65,0
2023-06-27 09:45:00,2023-06-27 09:45:00,43734.95,43737.6,43695.4,43711.9,0
2023-06-27 10:15:00,2023-06-27 10:15:00,43710.6,43745.95,43705.15,43736.15,0
2023-06-27 10:45:00,2023-06-27 10:45:00,43732.25,43752.3,43713.55,43744.7,0
2023-06-27 11:15:00,2023-06-27 11:15:00,43744.65,43793.05,43738.15,43770.15,0
2023-06-27 11:45:00,2023-06-27 11:45:00,43767.65,43826.45,43759.5,43811.15,0
2023-06-27 12:15:00,2023-06-27 12:15:00,43808.6,43812.65,43777.7,43792.95,0
2023-06-27 12:45:00,2023-06-27 12:45:00,43792.35,43806.9,43720.4,43750.85,0
2023-06-27 13:15:00,2023-06-27 13:15:00,43753.0,43827.15,43749.5,43818.5,0
2023-06-27 13:45:00,2023-06-27 13:45:00,43817.05,43919.55,43807.5,43917.1,0
2023-06-27 14:15:00,2023-06-27 14:15:00,43917.45,44005.1,43909.95,43917.6,0
2023-06-27 14:45:00,2023-06-27 14:45:00,43917.9,44175.85,43907.4,44155.7,0
2023-06-27 15:15:00,2023-06-27 15:15:00,44153.25,44194.65,44122.35,44164.05,0
2023-06-28 09:45:00,2023-06-28 09:45:00,44192.65,44255.8,44166.6,44204.2,0
2023-06-28 10:15:00,2023-06-28 10:15:00,44205.15,44253.6,44168.25,44243.85,0
2023-06-28 10:45:00,2023-06-28 10:45:00,44242.2,44288.7,44235.1,44280.85,0
2023-06-28 11:15:00,2023-06-28 11:15:00,44278.35,44362.35,44264.85,44341.55,0
2023-06-28 11:45:00,2023-06-28 11:45:00,44338.0,44421.05,44320.45,44320.45,0
2023-06-28 12:15:00,2023-06-28 12:15:00,44323.85,44370.05,44272.05,44276.05,0
2023-06-28 12:45:00,2023-06-28 12:45:00,44274.2,44385.65,44256.6,44383.7,0
2023-06-28 13:15:00,2023-06-28 13:15:00,44379.85,44426.8,44340.1,44402.75,0
2023-06-28 13:45:00,2023-06-28 13:45:00,44412.9,44419.2,44310.5,44315.1,0
2023-06-28 14:15:00,2023-06-28 14:15:00,44316.9,44501.1,44275.9,44377.4,0
2023-06-28 14:45:00,2023-06-28 14:45:00,44380.05,44430.1,44243.1,44314.65,0
2023-06-28 15:15:00,2023-06-28 15:15:00,44319.6,44415.35,44261.5,44391.55,0
2023-06-30 09:45:00,2023-06-30 09:45:00,44653.5,44667.9,44584.0,44593.95,0
2023-06-30 10:15:00,2023-06-30 10:15:00,44594.25,44605.05,44521.95,44568.0,0
2023-06-30 10:45:00,2023-06-30 10:45:00,44569.2,44589.85,44541.55,44556.6,0
2023-06-30 11:15:00,2023-06-30 11:15:00,44555.4,44627.0,44555.4,44624.45,0
2023-06-30 11:45:00,2023-06-30 11:45:00,44627.7,44684.85,44608.5,44680.85,0
2023-06-30 12:15:00,2023-06-30 12:15:00,44680.35,44704.35,44638.85,44657.15,0
2023-06-30 12:45:00,2023-06-30 12:45:00,44655.0,44724.0,44619.75,44707.0,0
2023-06-30 13:15:00,2023-06-30 13:15:00,44707.3,44768.1,44707.2,44744.55,0
2023-06-30 13:45:00,2023-06-30 13:45:00,44748.25,44786.5,44700.05,44702.5,0
2023-06-30 14:15:00,2023-06-30 14:15:00,44703.7,44781.05,44696.65,44769.6,0
2023-06-30 14:45:00,2023-06-30 14:45:00,44772.1,44772.1,44723.45,44766.5,0
2023-06-30 15:15:00,2023-06-30 15:15:00,44768.75,44773.25,44712.8,44716.95,0
2023-07-03 09:45:00,2023-07-03 09:45:00,45209.0,45352.35,45177.0,45317.65,0
2023-07-03 10:15:00,2023-07-03 10:15:00,45317.3,45328.65,45141.2,45161.65,0
2023-07-03 10:45:00,2023-07-03 10:45:00,45160.95,45198.75,45088.4,45096.2,0
2023-07-03 11:15:00,2023-07-03 11:15:00,45098.55,45158.55,45041.0,45116.25,0
2023-07-03 11:45:00,2023-07-03 11:45:00,45114.6,45184.3,45096.8,45149.25,0
2023-07-03 12:15:00,2023-07-03 12:15:00,45149.8,45213.5,45097.3,45199.5,0
2023-07-03 12:45:00,2023-07-03 12:45:00,45206.5,45240.2,45144.2,45206.0,0
2023-07-03 13:15:00,2023-07-03 13:15:00,45204.6,45256.85,45161.5,45243.75,0
2023-07-03 13:45:00,2023-07-03 13:45:00,45244.55,45272.05,45138.65,45152.85,0
2023-07-03 14:15:00,2023-07-03 14:15:00,45153.85,45223.3,45129.2,45168.7,0
2023-07-03 14:45:00,2023-07-03 14:45:00,45169.0,45187.45,45101.1,45142.5,0
2023-07-03 15:15:00,2023-07-03 15:15:00,45143.15,45190.9,45139.2,45176.35,0
2023-07-04 09:45:00,2023-07-04 09:45:00,45144.55,45172.35,45002.45,45113.05,0
2023-07-04 10:15:00,2023-07-04 10:15:00,45114.2,45214.9,45082.05,45210.15,0
2023-07-04 10:45:00,2023-07-04 10:45:00,45208.05,45304.15,45195.05,45276.5,0
2023-07-04 11:15:00,2023-07-04 11:15:00,45281.55,45327.8,45234.1,45284.65,0
2023-07-04 11:45:00,2023-07-04 11:45:00,45291.3,45435.65,45284.5,45423.1,0
2023-07-04 12:15:00,2023-07-04 12:15:00,45415.0,45482.9,45411.35,45470.6,0
2023-07-04 12:45:00,2023-07-04 12:45:00,45468.0,45484.5,45413.85,45450.1,0
2023-07-04 13:15:00,2023-07-04 13:15:00,45456.3,45655.5,45443.35,45547.3,0
2023-07-04 13:45:00,2023-07-04 13:45:00,45547.25,45576.3,45321.8,45321.8,0
2023-07-04 14:15:00,2023-07-04 14:15:00,45311.25,45392.4,45220.85,45356.3,0
2023-07-04 14:45:00,2023-07-04 14:45:00,45359.25,45368.0,45271.85,45300.35,0
2023-07-04 15:15:00,2023-07-04 15:15:00,45299.75,45315.45,45231.3,45283.6,0
2023-07-05 09:45:00,2023-07-05 09:45:00,45249.8,45261.3,45166.15,45244.7,0
2023-07-05 10:15:00,2023-07-05 10:15:00,45244.45,45254.4,45140.4,45177.7,0
2023-07-05 10:45:00,2023-07-05 10:45:00,45175.8,45246.25,45139.5,45181.45,0
2023-07-05 11:15:00,2023-07-05 11:15:00,45181.0,45243.1,45137.2,45212.85,0
2023-07-05 11:45:00,2023-07-05 11:45:00,45212.0,45271.55,45152.3,45222.1,0
2023-07-05 12:15:00,2023-07-05 12:15:00,45223.05,45256.55,45167.35,45203.8,0
2023-07-05 12:45:00,2023-07-05 12:45:00,45202.3,45228.6,45158.65,45223.7,0
2023-07-05 13:15:00,2023-07-05 13:15:00,45224.65,45225.15,45088.75,45162.7,0
2023-07-05 13:45:00,2023-07-05 13:45:00,45155.45,45219.6,45121.5,45183.3,0
2023-07-05 14:15:00,2023-07-05 14:15:00,45182.65,45195.5,45088.5,45102.95,0
2023-07-05 14:45:00,2023-07-05 14:45:00,45100.45,45173.95,45074.75,45173.95,0
2023-07-05 15:15:00,2023-07-05 15:15:00,45172.65,45201.55,45158.8,45197.3,0
2023-07-06 09:45:00,2023-07-06 09:45:00,45100.55,45220.6,45098.65,45182.5,0
2023-07-06 10:15:00,2023-07-06 10:15:00,45180.65,45186.6,45084.85,45111.25,0
2023-07-06 10:45:00,2023-07-06 10:45:00,45114.4,45205.05,45106.45,45175.9,0
2023-07-06 11:15:00,2023-07-06 11:15:00,45174.8,45321.65,45166.65,45305.0,0
2023-07-06 11:45:00,2023-07-06 11:45:00,45304.45,45339.4,45272.15,45295.35,0
2023-07-06 12:15:00,2023-07-06 12:15:00,45296.65,45319.25,45225.45,45227.0,0
2023-07-06 12:45:00,2023-07-06 12:45:00,45230.3,45313.55,45213.25,45213.25,0
2023-07-06 13:15:00,2023-07-06 13:15:00,45215.45,45272.15,45190.9,45239.6,0
2023-07-06 13:45:00,2023-07-06 13:45:00,45236.4,45310.4,45228.65,45262.35,0
2023-07-06 14:15:00,2023-07-06 14:15:00,45263.75,45384.85,45245.3,45317.75,0
2023-07-06 14:45:00,2023-07-06 14:45:00,45319.1,45389.1,45248.05,45363.75,0
2023-07-06 15:15:00,2023-07-06 15:15:00,45363.05,45406.35,45307.35,45314.85,0
2023-07-07 09:45:00,2023-07-07 09:45:00,45187.9,45222.9,45134.8,45176.45,0
2023-07-07 10:15:00,2023-07-07 10:15:00,45176.2,45179.85,45060.6,45063.35,0
2023-07-07 10:45:00,2023-07-07 10:45:00,45060.75,45065.35,44917.65,44992.9,0
2023-07-07 11:15:00,2023-07-07 11:15:00,44991.9,45027.4,44911.15,44928.7,0
2023-07-07 11:45:00,2023-07-07 11:45:00,44930.85,44961.2,44846.1,44930.65,0
2023-07-07 12:15:00,2023-07-07 12:15:00,44929.85,44957.65,44853.75,44878.8,0
2023-07-07 12:45:00,2023-07-07 12:45:00,44878.6,44929.5,44878.6,44900.4,0
2023-07-07 13:15:00,2023-07-07 13:15:00,44900.85,44978.5,44888.1,44920.0,0
2023-07-07 13:45:00,2023-07-07 13:45:00,44919.25,44964.15,44888.1,44933.25,0
2023-07-07 14:15:00,2023-07-07 14:15:00,44933.05,45047.4,44926.75,45044.75,0
2023-07-07 14:45:00,2023-07-07 14:45:00,45043.2,45089.7,44913.8,44920.55,0
2023-07-07 15:15:00,2023-07-07 15:15:00,44918.05,44931.7,44849.55,44892.1,0
2023-07-10 09:45:00,2023-07-10 09:45:00,45112.0,45182.75,45063.9,45111.95,0
2023-07-10 10:15:00,2023-07-10 10:15:00,45114.65,45116.85,44968.3,45031.1,0
2023-07-10 10:45:00,2023-07-10 10:45:00,45025.05,45050.45,44950.1,44959.45,0
2023-07-10 11:15:00,2023-07-10 11:15:00,44958.7,44958.7,44793.85,44860.45,0
2023-07-10 11:45:00,2023-07-10 11:45:00,44861.5,44880.35,44770.3,44820.45,0
2023-07-10 12:15:00,2023-07-10 12:15:00,44817.65,44860.15,44757.8,44827.2,0
2023-07-10 12:45:00,2023-07-10 12:45:00,44833.0,44897.6,44794.95,44891.1,0
2023-07-10 13:15:00,2023-07-10 13:15:00,44897.7,44946.7,44866.5,44906.9,0
2023-07-10 13:45:00,2023-07-10 13:45:00,44908.15,44930.5,44820.25,44889.5,0
2023-07-10 14:15:00,2023-07-10 14:15:00,44893.2,44893.6,44766.9,44774.15,0
2023-07-10 14:45:00,2023-07-10 14:45:00,44772.3,44893.35,44726.8,44881.35,0
2023-07-10 15:15:00,2023-07-10 15:15:00,44883.4,44924.75,44849.65,44869.45,0
2023-07-11 09:45:00,2023-07-11 09:45:00,45017.75,45050.95,44987.65,45023.6,0
2023-07-11 10:15:00,2023-07-11 10:15:00,45022.75,45060.55,45000.25,45041.15,0
2023-07-11 10:45:00,2023-07-11 10:45:00,45040.05,45098.85,45023.3,45094.15,0
2023-07-11 11:15:00,2023-07-11 11:15:00,45092.4,45118.6,45037.35,45096.9,0
2023-07-11 11:45:00,2023-07-11 11:45:00,45092.55,45137.9,45068.6,45092.0,0
2023-07-11 12:15:00,2023-07-11 12:15:00,45088.2,45108.15,45027.85,45053.25,0
2023-07-11 12:45:00,2023-07-11 12:45:00,45052.0,45093.7,45021.9,45064.75,0
2023-07-11 13:15:00,2023-07-11 13:15:00,45063.95,45088.95,44965.45,44975.5,0
2023-07-11 13:45:00,2023-07-11 13:45:00,44975.15,45005.1,44920.55,44930.5,0
2023-07-11 14:15:00,2023-07-11 14:15:00,44926.0,44932.75,44809.8,44821.7,0
2023-07-11 14:45:00,2023-07-11 14:45:00,44821.7,44877.15,44664.05,44706.15,0
2023-07-11 15:15:00,2023-07-11 15:15:00,44705.65,44795.45,44703.45,44786.35,0
2023-07-12 09:45:00,2023-07-12 09:45:00,44864.3,44937.05,44840.85,44885.95,0
2023-07-12 10:15:00,2023-07-12 10:15:00,44892.85,44909.25,44770.8,44845.05,0
2023-07-12 10:45:00,2023-07-12 10:45:00,44844.4,44915.5,44844.4,44865.6,0
2023-07-12 11:15:00,2023-07-12 11:15:00,44865.9,44908.55,44812.5,44815.65,0
2023-07-12 11:45:00,2023-07-12 11:45:00,44812.85,44852.15,44779.3,44828.35,0
2023-07-12 12:15:00,2023-07-12 12:15:00,44826.45,44834.15,44754.95,44805.8,0
2023-07-12 12:45:00,2023-07-12 12:45:00,44807.95,44870.35,44744.4,44866.4,0
2023-07-12 13:15:00,2023-07-12 13:15:00,44864.15,44891.5,44813.55,44858.35,0
2023-07-12 13:45:00,2023-07-12 13:45:00,44856.5,44864.8,44800.45,44803.45,0
2023-07-12 14:15:00,2023-07-12 14:15:00,44802.15,44874.0,44779.7,44793.8,0
2023-07-12 14:45:00,2023-07-12 14:45:00,44790.8,44848.4,44566.25,44595.3,0
2023-07-12 15:15:00,2023-07-12 15:15:00,44594.2,44663.3,44590.7,44660.25,0
2023-07-13 09:45:00,2023-07-13 09:45:00,44904.8,44984.25,44886.45,44971.95,0
2023-07-13 10:15:00,2023-07-13 10:15:00,44970.7,45012.95,44922.15,44978.35,0
2023-07-13 10:45:00,2023-07-13 10:45:00,44976.45,45019.4,44934.55,45019.35,0
2023-07-13 11:15:00,2023-07-13 11:15:00,45021.2,45084.25,45014.3,45030.0,0
2023-07-13 11:45:00,2023-07-13 11:45:00,45030.75,45071.55,44949.3,44991.0,0
2023-07-13 12:15:00,2023-07-13 12:15:00,44992.05,45038.55,44955.25,44995.35,0
2023-07-13 12:45:00,2023-07-13 12:45:00,44991.0,45039.25,44961.5,45007.15,0
2023-07-13 13:15:00,2023-07-13 13:15:00,45007.45,45015.4,44886.9,44891.8,0
2023-07-13 13:45:00,2023-07-13 13:45:00,44886.6,44930.3,44728.1,44765.05,0
2023-07-13 14:15:00,2023-07-13 14:15:00,44763.85,44868.9,44680.15,44706.55,0
2023-07-13 14:45:00,2023-07-13 14:45:00,44695.65,44772.65,44613.7,44664.9,0
2023-07-13 15:15:00,2023-07-13 15:15:00,44664.35,44754.1,44618.35,44726.45,0
2023-07-14 09:45:00,2023-07-14 09:45:00,44850.2,44877.6,44750.9,44794.3,0
2023-07-14 10:15:00,2023-07-14 10:15:00,44796.85,44798.1,44702.1,44705.4,0
2023-07-14 10:45:00,2023-07-14 10:45:00,44704.3,44715.0,44642.7,44684.65,0
2023-07-14 11:15:00,2023-07-14 11:15:00,44683.55,44764.05,44677.75,44686.7,0
2023-07-14 11:45:00,2023-07-14 11:45:00,44685.2,44715.95,44638.7,44713.95,0
2023-07-14 12:15:00,2023-07-14 12:15:00,44715.8,44767.5,44667.2,44728.8,0
2023-07-14 12:45:00,2023-07-14 12:45:00,44729.75,44729.75,44660.2,44720.75,0
2023-07-14 13:15:00,2023-07-14 13:15:00,44722.6,44749.2,44638.95,44692.35,0
2023-07-14 13:45:00,2023-07-14 13:45:00,44691.5,44691.5,44573.05,44615.35,0
2023-07-14 14:15:00,2023-07-14 14:15:00,44616.5,44664.7,44548.95,44586.45,0
2023-07-14 14:45:00,2023-07-14 14:45:00,44587.4,44867.95,44582.95,44862.9,0
2023-07-14 15:15:00,2023-07-14 15:15:00,44862.0,44898.15,44853.4,44891.0,0
2023-07-17 09:45:00,2023-07-17 09:45:00,44782.0,44866.95,44782.0,44826.65,0
2023-07-17 10:15:00,2023-07-17 10:15:00,44831.5,44877.6,44750.7,44760.5,0
2023-07-17 10:45:00,2023-07-17 10:45:00,44763.6,44832.7,44749.1,44781.05,0
2023-07-17 11:15:00,2023-07-17 11:15:00,44780.15,44798.9,44736.5,44781.45,0
2023-07-17 11:45:00,2023-07-17 11:45:00,44782.4,44795.5,44709.6,44773.6,0
2023-07-17 12:15:00,2023-07-17 12:15:00,44772.4,44826.5,44746.95,44751.2,0
2023-07-17 12:45:00,2023-07-17 12:45:00,44750.6,44973.75,44725.8,44973.75,0
2023-07-17 13:15:00,2023-07-17 13:15:00,44974.35,45099.4,44949.9,45065.15,0
2023-07-17 13:45:00,2023-07-17 13:45:00,45063.95,45141.5,45043.6,45045.75,0
2023-07-17 14:15:00,2023-07-17 14:15:00,45047.95,45237.0,45047.95,45234.4,0
2023-07-17 14:45:00,2023-07-17 14:45:00,45236.1,45518.0,45187.8,45515.95,0
2023-07-17 15:15:00,2023-07-17 15:15:00,45516.45,45552.95,45477.3,45502.1,0
2023-07-18 09:45:00,2023-07-18 09:45:00,45731.5,45785.45,45633.95,45691.55,0
2023-07-18 10:15:00,2023-07-18 10:15:00,45685.5,45769.3,45666.5,45700.6,0
2023-07-18 10:45:00,2023-07-18 10:45:00,45702.05,45840.05,45690.65,45838.55,0
2023-07-18 11:15:00,2023-07-18 11:15:00,45839.15,45849.1,45369.9,45430.9,0
2023-07-18 11:45:00,2023-07-18 11:45:00,45429.05,45507.35,45322.85,45386.05,0
2023-07-18 12:15:00,2023-07-18 12:15:00,45386.95,45606.6,45290.05,45588.0,0
2023-07-18 12:45:00,2023-07-18 12:45:00,45586.85,45653.7,45405.0,45464.05,0
2023-07-18 13:15:00,2023-07-18 13:15:00,45460.4,45570.2,45414.9,45504.05,0
2023-07-18 13:45:00,2023-07-18 13:45:00,45503.55,45580.0,45423.7,45473.55,0
2023-07-18 14:15:00,2023-07-18 14:15:00,45475.4,45489.55,45306.85,45385.5,0
2023-07-18 14:45:00,2023-07-18 14:45:00,45386.2,45509.7,45282.95,45369.55,0
2023-07-18 15:15:00,2023-07-18 15:15:00,45367.25,45431.05,45341.95,45412.0,0
2023-07-19 09:45:00,2023-07-19 09:45:00,45536.65,45609.2,45509.75,45573.05,0
2023-07-19 10:15:00,2023-07-19 10:15:00,45572.4,45650.65,45550.7,45569.75,0
2023-07-19 10:45:00,2023-07-19 10:45:00,45572.25,45582.85,45474.9,45478.15,0
2023-07-19 11:15:00,2023-07-19 11:15:00,45475.25,45554.6,45434.2,45512.4,0
2023-07-19 11:45:00,2023-07-19 11:45:00,45512.3,45557.65,45468.1,45486.95,0
2023-07-19 12:15:00,2023-07-19 12:15:00,45485.6,45609.8,45482.6,45574.15,0
2023-07-19 12:45:00,2023-07-19 12:45:00,45573.9,45660.7,45561.55,45625.2,0
2023-07-19 13:15:00,2023-07-19 13:15:00,45623.6,45668.1,45554.8,45627.55,0
2023-07-19 13:45:00,2023-07-19 13:45:00,45629.95,45667.35,45571.45,45627.0,0
2023-07-19 14:15:00,2023-07-19 14:15:00,45628.75,45658.4,45527.55,45528.75,0
2023-07-19 14:45:00,2023-07-19 14:45:00,45526.95,45704.3,45515.6,45655.25,0
2023-07-19 15:15:00,2023-07-19 15:15:00,45656.25,45675.65,45650.35,45668.2,0
2023-07-20 09:45:00,2023-07-20 09:45:00,45711.9,45736.75,45651.1,45664.45,0
2023-07-20 10:15:00,2023-07-20 10:15:00,45658.6,45738.45,45654.25,45722.6,0
2023-07-20 10:45:00,2023-07-20 10:45:00,45722.5,45753.4,45691.5,45708.5,0
2023-07-20 11:15:00,2023-07-20 11:15:00,45710.8,45752.6,45681.75,45729.6,0
2023-07-20 11:45:00,2023-07-20 11:45:00,45722.8,45805.15,45709.1,45776.85,0
2023-07-20 12:15:00,2023-07-20 12:15:00,45776.8,45850.85,45750.8,45825.55,0
2023-07-20 12:45:00,2023-07-20 12:45:00,45825.05,45866.15,45788.8,45861.8,0
2023-07-20 13:15:00,2023-07-20 13:15:00,45858.85,46005.0,45854.4,45950.85,0
2023-07-20 13:45:00,2023-07-20 13:45:00,45951.3,46161.45,45921.75,46109.4,0
2023-07-20 14:15:00,2023-07-20 14:15:00,46110.1,46211.6,46062.7,46062.7,0
2023-07-20 14:45:00,2023-07-20 14:45:00,46062.0,46253.6,45982.0,46227.75,0
2023-07-20 15:15:00,2023-07-20 15:15:00,46226.5,46242.2,46146.6,46171.45,0
2023-07-21 09:45:00,2023-07-21 09:45:00,46142.2,46212.05,46063.1,46120.6,0
2023-07-21 10:15:00,2023-07-21 10:15:00,46129.6,46129.6,46028.2,46081.95,0
2023-07-21 10:45:00,2023-07-21 10:45:00,46084.1,46118.2,46041.7,46066.85,0
2023-07-21 11:15:00,2023-07-21 11:15:00,46066.05,46126.35,46025.55,46089.65,0
2023-07-21 11:45:00,2023-07-21 11:45:00,46090.6,46113.4,45991.5,46052.15,0
2023-07-21 12:15:00,2023-07-21 12:15:00,46053.5,46059.4,45926.85,46014.8,0
2023-07-21 12:45:00,2023-07-21 12:45:00,46015.8,46130.75,46003.45,46096.5,0
2023-07-21 13:15:00,2023-07-21 13:15:00,46097.45,46247.5,46087.45,46172.75,0
2023-07-21 13:45:00,2023-07-21 13:45:00,46171.05,46263.15,46076.7,46160.85,0
2023-07-21 14:15:00,2023-07-21 14:15:00,46161.2,46206.55,46061.0,46084.15,0
2023-07-21 14:45:00,2023-07-21 14:45:00,46081.8,46110.75,45948.9,46083.8,0
