,0,1,2,3,4,5
0,2023-01-25T13:25:00+05:30,570.55,570.8,570.5,570.75,18606
1,2023-01-25T13:26:00+05:30,570.75,570.75,570.5,570.65,15540
2,2023-01-25T13:27:00+05:30,570.6,570.7,570.0,570.05,31001
3,2023-01-25T13:28:00+05:30,570.05,570.35,570.0,570.3,72443
4,2023-01-25T13:29:00+05:30,570.35,570.45,570.25,570.45,14866
5,2023-01-25T13:30:00+05:30,570.45,570.55,570.35,570.45,22395
6,2023-01-25T13:31:00+05:30,570.4,571.7,570.0,571.6,42737
7,2023-01-25T13:32:00+05:30,571.7,572.05,571.55,571.95,32117
8,2023-01-25T13:33:00+05:30,572.0,572.0,571.55,571.85,22436
9,2023-01-25T13:34:00+05:30,571.8,572.0,571.7,571.85,27952
10,2023-01-25T13:35:00+05:30,571.9,572.2,571.85,571.85,25357
11,2023-01-25T13:36:00+05:30,571.9,572.4,571.6,572.35,33563
12,2023-01-25T13:37:00+05:30,572.3,572.4,572.1,572.25,29907
13,2023-01-25T13:38:00+05:30,572.25,572.35,572.05,572.05,29540
14,2023-01-25T13:39:00+05:30,572.1,572.25,572.05,572.25,30831
15,2023-01-25T13:40:00+05:30,572.2,572.3,572.15,572.25,32204
16,2023-01-25T13:41:00+05:30,572.2,572.4,572.2,572.35,28976
17,2023-01-25T13:42:00+05:30,572.4,572.45,572.3,572.3,34081
18,2023-01-25T13:43:00+05:30,572.4,572.45,572.25,572.3,19313
19,2023-01-25T13:44:00+05:30,572.3,572.35,572.0,572.05,38085
20,2023-01-25T13:45:00+05:30,572.0,572.85,571.65,572.85,91310
21,2023-01-25T13:46:00+05:30,572.85,573.15,572.7,572.8,65501
22,2023-01-25T13:47:00+05:30,572.8,573.15,572.75,573.05,57625
23,2023-01-25T13:48:00+05:30,573.0,573.0,572.15,572.15,39639
24,2023-01-25T13:49:00+05:30,572.2,572.5,571.8,572.2,40858
25,2023-01-25T13:50:00+05:30,572.1,572.3,572.05,572.1,27555
26,2023-01-25T13:51:00+05:30,572.05,572.8,572.05,572.3,30239
27,2023-01-25T13:52:00+05:30,572.3,572.65,572.0,572.6,24017
28,2023-01-25T13:53:00+05:30,572.55,572.6,572.3,572.3,20572
29,2023-01-25T13:54:00+05:30,572.25,572.7,572.25,572.65,19628
30,2023-01-25T13:55:00+05:30,572.65,572.8,572.55,572.6,20361
31,2023-01-25T13:56:00+05:30,572.6,572.8,572.5,572.5,29519
32,2023-01-25T13:57:00+05:30,572.5,572.65,572.5,572.55,42722
33,2023-01-25T13:58:00+05:30,572.5,572.6,572.1,572.6,29415
34,2023-01-25T13:59:00+05:30,572.6,572.65,572.25,572.6,27962
35,2023-01-25T14:00:00+05:30,572.55,572.55,572.35,572.4,33357
36,2023-01-25T14:01:00+05:30,572.4,572.7,572.35,572.65,25603
37,2023-01-25T14:02:00+05:30,572.7,572.7,572.1,572.15,143324
38,2023-01-25T14:03:00+05:30,572.1,572.65,572.05,572.6,52691
39,2023-01-25T14:04:00+05:30,572.55,572.9,572.5,572.9,41444
40,2023-01-25T14:05:00+05:30,572.9,573.0,572.65,572.85,42040
41,2023-01-25T14:06:00+05:30,572.8,573.3,572.8,573.2,60542
42,2023-01-25T14:07:00+05:30,573.15,573.2,572.7,572.9,53240
43,2023-01-25T14:08:00+05:30,572.9,573.0,572.85,573.0,28354
44,2023-01-25T14:09:00+05:30,572.95,574.0,572.95,573.95,58401
45,2023-01-25T14:10:00+05:30,574.0,574.2,573.95,574.1,87001
46,2023-01-25T14:11:00+05:30,574.05,574.1,573.95,574.0,60976
47,2023-01-25T14:12:00+05:30,574.0,574.0,573.8,573.9,46615
48,2023-01-25T14:13:00+05:30,573.85,574.6,573.85,574.1,91364
49,2023-01-25T14:14:00+05:30,574.1,574.45,573.8,574.3,37530
50,2023-01-25T14:15:00+05:30,574.25,574.45,573.8,573.9,47636
51,2023-01-25T14:16:00+05:30,573.85,574.25,573.85,574.0,39753
52,2023-01-25T14:17:00+05:30,574.0,574.15,573.85,573.9,44675
53,2023-01-25T14:18:00+05:30,573.85,574.0,573.75,573.85,36752
54,2023-01-25T14:19:00+05:30,573.8,574.25,573.8,574.2,53645
55,2023-01-25T14:20:00+05:30,574.05,574.35,573.75,573.85,53253
56,2023-01-25T14:21:00+05:30,573.85,573.95,573.7,573.7,36612
57,2023-01-25T14:22:00+05:30,573.8,573.8,573.1,573.4,58250
58,2023-01-25T14:23:00+05:30,573.35,573.5,573.15,573.15,38521
59,2023-01-25T14:24:00+05:30,573.2,573.45,573.1,573.4,30062
60,2023-01-25T14:25:00+05:30,573.4,573.85,573.35,573.85,67866
61,2023-01-25T14:26:00+05:30,573.85,574.0,573.85,574.0,32231
62,2023-01-25T14:27:00+05:30,574.0,574.0,573.8,573.95,76400
63,2023-01-25T14:28:00+05:30,573.95,574.0,573.8,574.0,35409
64,2023-01-25T14:29:00+05:30,573.95,574.0,573.55,573.65,46436
65,2023-01-25T14:30:00+05:30,573.65,573.8,572.45,572.45,71662
66,2023-01-25T14:31:00+05:30,572.35,572.35,571.5,572.0,80562
67,2023-01-25T14:32:00+05:30,572.0,572.4,571.75,571.8,50383
68,2023-01-25T14:33:00+05:30,571.85,571.85,570.75,570.9,72233
69,2023-01-25T14:34:00+05:30,570.85,571.6,570.75,571.6,47037
70,2023-01-25T14:35:00+05:30,571.6,571.8,571.5,571.7,29096
71,2023-01-25T14:36:00+05:30,571.7,572.1,571.05,571.15,67203
72,2023-01-25T14:37:00+05:30,571.15,571.5,571.0,571.4,32579
73,2023-01-25T14:38:00+05:30,571.4,571.65,571.15,571.35,50494
74,2023-01-25T14:39:00+05:30,571.45,571.45,571.0,571.15,39303
75,2023-01-25T14:40:00+05:30,571.1,571.7,571.05,571.45,32859
76,2023-01-25T14:41:00+05:30,571.45,571.75,571.35,571.6,36343
77,2023-01-25T14:42:00+05:30,571.6,571.95,571.6,571.95,40454
78,2023-01-25T14:43:00+05:30,571.95,571.95,571.5,571.65,42796
79,2023-01-25T14:44:00+05:30,571.65,571.9,571.55,571.9,21600
80,2023-01-25T14:45:00+05:30,571.8,571.9,571.75,571.9,23932
81,2023-01-25T14:46:00+05:30,571.9,571.95,571.85,571.85,34608
82,2023-01-25T14:47:00+05:30,571.9,571.95,571.85,571.9,24452
83,2023-01-25T14:48:00+05:30,571.9,571.9,571.7,571.75,34498
84,2023-01-25T14:49:00+05:30,571.75,571.8,571.5,571.55,41367
85,2023-01-25T14:50:00+05:30,571.55,571.75,571.45,571.55,30058
86,2023-01-25T14:51:00+05:30,571.5,571.9,571.5,571.8,23400
87,2023-01-25T14:52:00+05:30,571.85,571.9,571.5,571.6,31909
88,2023-01-25T14:53:00+05:30,571.55,571.6,571.35,571.35,34244
89,2023-01-25T14:54:00+05:30,571.35,571.55,571.2,571.35,32769
90,2023-01-25T14:55:00+05:30,571.35,571.45,571.2,571.35,38215
91,2023-01-25T14:56:00+05:30,571.35,571.5,571.15,571.15,39029
92,2023-01-25T14:57:00+05:30,571.15,571.25,571.05,571.05,52134
93,2023-01-25T14:58:00+05:30,571.05,571.35,571.0,571.25,47051
94,2023-01-25T14:59:00+05:30,571.35,571.35,571.25,571.35,42380
95,2023-01-25T15:00:00+05:30,571.35,571.35,570.55,570.6,105309
96,2023-01-25T15:01:00+05:30,570.55,570.6,570.25,570.25,67721
97,2023-01-25T15:02:00+05:30,570.15,570.25,570.0,570.05,106627
98,2023-01-25T15:03:00+05:30,570.0,570.15,570.0,570.15,153135
99,2023-01-25T15:04:00+05:30,570.1,570.25,570.1,570.1,99802
100,2023-01-25T15:05:00+05:30,570.2,570.25,569.9,569.9,68585
101,2023-01-25T15:06:00+05:30,569.9,569.9,569.2,569.3,111714
102,2023-01-25T15:07:00+05:30,569.25,569.25,568.5,568.5,159724
103,2023-01-25T15:08:00+05:30,568.55,569.1,568.35,569.05,197422
104,2023-01-25T15:09:00+05:30,569.0,569.95,569.0,569.55,157240
105,2023-01-25T15:10:00+05:30,569.5,569.6,569.0,569.15,121891
106,2023-01-25T15:11:00+05:30,569.1,569.15,568.95,569.0,142163
107,2023-01-25T15:12:00+05:30,569.0,569.1,568.85,569.05,138894
108,2023-01-25T15:13:00+05:30,569.05,569.05,568.6,568.7,122411
109,2023-01-25T15:14:00+05:30,568.65,569.05,568.55,569.0,212751
110,2023-01-25T15:15:00+05:30,569.0,569.0,568.6,568.8,182974
111,2023-01-25T15:16:00+05:30,568.7,568.8,568.5,568.6,171155
112,2023-01-25T15:17:00+05:30,568.55,568.75,568.5,568.55,127719
113,2023-01-25T15:18:00+05:30,568.55,568.55,568.15,568.4,199827
114,2023-01-25T15:19:00+05:30,568.45,568.75,568.25,568.3,192019
115,2023-01-25T15:20:00+05:30,568.4,568.55,568.05,568.05,339088
116,2023-01-25T15:21:00+05:30,568.1,568.6,568.0,568.6,178453
117,2023-01-25T15:22:00+05:30,568.55,568.55,568.0,568.05,157294
118,2023-01-25T15:23:00+05:30,568.0,568.5,568.0,568.3,176022
119,2023-01-25T15:24:00+05:30,568.3,568.5,568.0,568.1,221355
120,2023-01-25T15:25:00+05:30,568.15,568.2,568.0,568.05,153761
121,2023-01-25T15:26:00+05:30,568.05,568.05,567.65,567.85,158731
122,2023-01-25T15:27:00+05:30,567.85,568.0,567.5,567.7,151995
123,2023-01-25T15:28:00+05:30,567.7,568.25,567.4,568.05,205180
124,2023-01-25T15:29:00+05:30,567.95,568.7,567.55,568.7,229619
125,2023-01-27T09:15:00+05:30,568.0,568.55,562.0,563.0,481017
126,2023-01-27T09:16:00+05:30,562.75,563.1,560.6,561.9,240028
127,2023-01-27T09:17:00+05:30,561.9,562.75,561.55,561.55,161514
128,2023-01-27T09:18:00+05:30,561.85,565.0,561.45,565.0,333427
129,2023-01-27T09:19:00+05:30,565.1,565.25,563.8,564.65,276140
130,2023-01-27T09:20:00+05:30,564.6,564.6,560.95,561.35,178896
131,2023-01-27T09:21:00+05:30,561.35,562.95,561.35,562.8,169425
132,2023-01-27T09:22:00+05:30,563.1,563.75,562.25,562.5,129822
133,2023-01-27T09:23:00+05:30,562.25,562.45,560.5,560.8,157188
134,2023-01-27T09:24:00+05:30,560.25,561.25,559.5,559.65,235091
135,2023-01-27T09:25:00+05:30,560.0,560.0,557.9,558.7,206918
136,2023-01-27T09:26:00+05:30,558.5,558.7,556.05,556.25,137803
137,2023-01-27T09:27:00+05:30,556.0,556.3,553.85,554.6,228121
138,2023-01-27T09:28:00+05:30,554.55,554.85,553.4,553.8,211617
139,2023-01-27T09:29:00+05:30,553.85,554.8,553.55,554.3,194949
140,2023-01-27T09:30:00+05:30,554.55,558.35,554.55,558.25,222216
141,2023-01-27T09:31:00+05:30,558.35,559.95,557.8,558.75,361310
142,2023-01-27T09:32:00+05:30,558.95,560.05,558.55,559.7,221776
143,2023-01-27T09:33:00+05:30,559.8,560.0,558.0,558.15,229648
144,2023-01-27T09:34:00+05:30,558.1,558.5,557.15,558.0,242430
145,2023-01-27T09:35:00+05:30,558.0,558.3,557.5,558.0,290484
146,2023-01-27T09:36:00+05:30,557.95,558.2,556.35,556.75,288542
147,2023-01-27T09:37:00+05:30,556.85,557.9,556.25,557.6,269113
148,2023-01-27T09:38:00+05:30,557.4,557.7,555.7,556.65,308187
149,2023-01-27T09:39:00+05:30,556.6,559.25,556.55,559.25,148349
150,2023-01-27T09:40:00+05:30,559.2,559.2,558.35,558.45,98506
151,2023-01-27T09:41:00+05:30,558.45,559.35,558.45,559.05,111084
152,2023-01-27T09:42:00+05:30,559.05,559.9,559.05,559.8,119091
153,2023-01-27T09:43:00+05:30,559.7,559.75,559.15,559.15,45602
154,2023-01-27T09:44:00+05:30,559.15,559.25,558.5,558.55,65964
155,2023-01-27T09:45:00+05:30,558.55,559.2,557.55,557.7,118270
156,2023-01-27T09:46:00+05:30,557.8,557.8,556.7,557.15,82897
157,2023-01-27T09:47:00+05:30,557.15,557.55,557.0,557.35,38890
158,2023-01-27T09:48:00+05:30,557.25,557.65,556.6,557.5,84658
159,2023-01-27T09:49:00+05:30,557.5,558.4,557.3,557.35,94775
160,2023-01-27T09:50:00+05:30,557.6,558.55,557.55,557.9,52639
161,2023-01-27T09:51:00+05:30,557.85,558.9,557.85,558.9,41257
162,2023-01-27T09:52:00+05:30,558.9,559.3,558.8,559.2,71168
163,2023-01-27T09:53:00+05:30,559.1,559.2,557.8,558.05,78621
164,2023-01-27T09:54:00+05:30,558.15,559.0,558.05,559.0,47228
165,2023-01-27T09:55:00+05:30,559.05,559.35,558.8,559.35,59043
166,2023-01-27T09:56:00+05:30,559.35,559.5,558.95,559.4,60247
167,2023-01-27T09:57:00+05:30,559.45,560.25,559.4,560.2,74216
168,2023-01-27T09:58:00+05:30,560.3,560.7,560.1,560.65,67623
169,2023-01-27T09:59:00+05:30,560.65,561.0,559.7,559.75,270227
170,2023-01-27T10:00:00+05:30,559.65,560.0,559.3,559.65,48499
171,2023-01-27T10:01:00+05:30,559.65,559.65,557.75,558.1,201443
172,2023-01-27T10:02:00+05:30,558.2,558.25,557.75,558.15,47089
173,2023-01-27T10:03:00+05:30,558.15,558.5,557.0,557.05,143806
174,2023-01-27T10:04:00+05:30,557.0,557.5,556.05,557.3,119633
175,2023-01-27T10:05:00+05:30,557.3,557.3,556.45,556.65,73911
176,2023-01-27T10:06:00+05:30,556.65,556.85,556.25,556.7,41402
177,2023-01-27T10:07:00+05:30,556.65,556.7,555.8,556.4,82199
178,2023-01-27T10:08:00+05:30,556.4,556.6,555.75,555.75,61379
179,2023-01-27T10:09:00+05:30,555.7,556.0,554.5,555.0,386181
180,2023-01-27T10:10:00+05:30,554.8,555.4,554.5,554.85,93425
181,2023-01-27T10:11:00+05:30,554.8,554.8,554.1,554.3,68417
182,2023-01-27T10:12:00+05:30,554.3,555.0,554.2,554.6,78948
183,2023-01-27T10:13:00+05:30,554.4,554.6,554.2,554.6,47376
184,2023-01-27T10:14:00+05:30,554.6,554.85,554.5,554.85,41759
185,2023-01-27T10:15:00+05:30,554.85,554.9,553.75,554.2,100324
186,2023-01-27T10:16:00+05:30,554.1,554.2,553.0,553.5,84973
187,2023-01-27T10:17:00+05:30,553.4,553.85,553.25,553.25,45350
188,2023-01-27T10:18:00+05:30,553.3,553.75,553.05,553.5,49863
189,2023-01-27T10:19:00+05:30,553.5,553.65,553.4,553.6,35432
190,2023-01-27T10:20:00+05:30,553.55,553.75,553.05,553.2,63690
191,2023-01-27T10:21:00+05:30,553.25,553.8,553.15,553.75,75638
192,2023-01-27T10:22:00+05:30,553.75,554.85,553.65,554.85,238838
193,2023-01-27T10:23:00+05:30,554.85,556.7,554.85,555.85,269304
194,2023-01-27T10:24:00+05:30,555.95,557.3,555.65,557.3,199122
195,2023-01-27T10:25:00+05:30,557.25,557.85,556.55,556.55,127624
196,2023-01-27T10:26:00+05:30,556.85,557.2,556.2,556.35,83587
197,2023-01-27T10:27:00+05:30,556.2,556.75,556.0,556.4,123216
198,2023-01-27T10:28:00+05:30,556.2,556.75,555.95,556.0,110600
199,2023-01-27T10:29:00+05:30,556.1,556.95,556.1,556.55,146968
200,2023-01-27T10:30:00+05:30,556.55,557.0,556.05,556.15,41652
201,2023-01-27T10:31:00+05:30,556.0,556.65,556.0,556.25,30484
202,2023-01-27T10:32:00+05:30,556.25,556.25,555.8,556.0,42511
203,2023-01-27T10:33:00+05:30,556.0,556.6,556.0,556.5,169297
204,2023-01-27T10:34:00+05:30,556.4,557.1,556.4,556.8,80413
205,2023-01-27T10:35:00+05:30,556.65,558.3,556.65,558.0,104488
206,2023-01-27T10:36:00+05:30,558.0,558.5,557.65,558.45,156672
207,2023-01-27T10:37:00+05:30,558.5,558.8,558.25,558.8,114928
208,2023-01-27T10:38:00+05:30,558.8,559.75,558.75,559.55,177562
209,2023-01-27T10:39:00+05:30,559.5,559.7,559.3,559.5,59705
210,2023-01-27T10:40:00+05:30,559.45,560.4,559.25,559.7,128055
211,2023-01-27T10:41:00+05:30,559.7,559.8,558.35,558.5,72166
212,2023-01-27T10:42:00+05:30,558.5,558.5,557.75,557.95,70712
213,2023-01-27T10:43:00+05:30,557.95,558.2,557.8,558.1,105544
214,2023-01-27T10:44:00+05:30,558.1,558.15,557.45,557.45,44074
215,2023-01-27T10:45:00+05:30,557.55,558.05,557.2,557.25,41404
216,2023-01-27T10:46:00+05:30,557.2,558.15,557.05,558.15,48759
217,2023-01-27T10:47:00+05:30,558.15,558.75,558.1,558.65,37107
218,2023-01-27T10:48:00+05:30,558.75,559.1,558.3,558.8,68933
219,2023-01-27T10:49:00+05:30,558.75,558.95,558.05,558.15,73924
220,2023-01-27T10:50:00+05:30,558.1,558.5,557.55,557.8,43821
221,2023-01-27T10:51:00+05:30,557.85,557.95,557.1,557.45,58405
222,2023-01-27T10:52:00+05:30,557.4,557.8,557.25,557.8,44262
223,2023-01-27T10:53:00+05:30,557.8,558.45,557.7,557.95,47332
224,2023-01-27T10:54:00+05:30,557.95,558.4,557.65,557.65,39426
225,2023-01-27T10:55:00+05:30,557.75,558.25,557.3,557.3,44595
226,2023-01-27T10:56:00+05:30,557.3,558.05,557.1,557.9,45140
227,2023-01-27T10:57:00+05:30,558.05,558.05,557.5,557.5,44558
228,2023-01-27T10:58:00+05:30,557.5,557.7,557.2,557.25,44830
229,2023-01-27T10:59:00+05:30,557.35,557.5,556.7,557.1,64542
230,2023-01-27T11:00:00+05:30,556.9,557.25,556.7,557.0,74161
231,2023-01-27T11:01:00+05:30,556.95,557.4,556.5,556.6,112105
232,2023-01-27T11:02:00+05:30,556.6,557.0,555.65,555.85,137960
233,2023-01-27T11:03:00+05:30,555.8,555.85,554.95,554.95,231215
234,2023-01-27T11:04:00+05:30,555.0,555.5,554.9,555.0,62828
235,2023-01-27T11:05:00+05:30,554.95,555.5,554.9,555.35,89812
236,2023-01-27T11:06:00+05:30,555.4,555.85,555.2,555.2,48481
237,2023-01-27T11:07:00+05:30,555.25,555.85,555.15,555.65,48399
238,2023-01-27T11:08:00+05:30,555.65,555.95,555.55,555.85,73867
239,2023-01-27T11:09:00+05:30,555.85,555.85,554.8,554.9,55297
240,2023-01-27T11:10:00+05:30,554.95,555.3,554.45,555.1,51314
241,2023-01-27T11:11:00+05:30,555.05,555.3,554.6,554.9,55325
242,2023-01-27T11:12:00+05:30,554.85,555.15,554.8,554.9,52098
243,2023-01-27T11:13:00+05:30,554.9,555.0,554.8,555.0,44312
244,2023-01-27T11:14:00+05:30,555.0,555.45,554.3,554.35,74528
245,2023-01-27T11:15:00+05:30,554.4,555.15,554.35,555.1,62937
246,2023-01-27T11:16:00+05:30,555.1,555.95,554.55,554.55,86563
247,2023-01-27T11:17:00+05:30,554.55,555.5,554.5,555.2,56204
248,2023-01-27T11:18:00+05:30,555.3,555.3,554.65,554.85,42213
249,2023-01-27T11:19:00+05:30,554.8,555.0,554.8,554.85,43667
250,2023-01-27T11:20:00+05:30,554.85,554.85,554.15,554.45,66332
251,2023-01-27T11:21:00+05:30,554.45,554.45,553.75,554.2,152470
252,2023-01-27T11:22:00+05:30,554.2,554.7,554.1,554.2,77922
253,2023-01-27T11:23:00+05:30,554.15,554.6,554.1,554.5,59932
254,2023-01-27T11:24:00+05:30,554.45,554.7,554.15,554.3,46988
255,2023-01-27T11:25:00+05:30,554.25,555.15,554.1,554.5,74264
256,2023-01-27T11:26:00+05:30,554.4,554.4,553.4,553.45,123643
257,2023-01-27T11:27:00+05:30,553.5,553.9,553.35,553.45,81996
258,2023-01-27T11:28:00+05:30,553.45,553.75,553.3,553.5,64102
259,2023-01-27T11:29:00+05:30,553.5,553.5,552.5,552.75,167420
260,2023-01-27T11:30:00+05:30,552.5,552.6,552.0,552.4,143412
261,2023-01-27T11:31:00+05:30,552.4,553.0,552.4,552.95,117982
262,2023-01-27T11:32:00+05:30,552.9,553.0,552.7,552.85,59899
263,2023-01-27T11:33:00+05:30,552.8,553.0,552.5,552.8,50791
264,2023-01-27T11:34:00+05:30,552.8,553.0,552.7,553.0,31211
265,2023-01-27T11:35:00+05:30,553.0,553.35,552.65,552.7,52806
266,2023-01-27T11:36:00+05:30,552.75,552.85,552.2,552.3,62465
267,2023-01-27T11:37:00+05:30,552.3,553.25,552.3,553.2,50670
268,2023-01-27T11:38:00+05:30,553.2,553.8,553.05,553.75,50522
269,2023-01-27T11:39:00+05:30,553.7,553.8,553.3,553.5,76210
270,2023-01-27T11:40:00+05:30,553.5,553.55,552.5,552.65,75926
271,2023-01-27T11:41:00+05:30,552.6,552.9,552.0,552.15,85139
272,2023-01-27T11:42:00+05:30,552.1,552.45,551.35,551.5,149883
273,2023-01-27T11:43:00+05:30,551.5,551.55,551.0,551.4,133516
274,2023-01-27T11:44:00+05:30,551.15,551.6,550.4,550.6,166178
275,2023-01-27T11:45:00+05:30,550.7,551.0,550.4,550.55,91779
276,2023-01-27T11:46:00+05:30,550.5,550.9,550.0,550.05,334404
277,2023-01-27T11:47:00+05:30,550.05,550.05,548.5,548.6,169658
278,2023-01-27T11:48:00+05:30,548.45,549.4,548.45,549.2,105498
279,2023-01-27T11:49:00+05:30,549.35,549.5,548.6,549.45,57416
280,2023-01-27T11:50:00+05:30,549.5,550.0,549.25,549.35,82709
281,2023-01-27T11:51:00+05:30,549.35,549.8,548.5,548.8,93056
282,2023-01-27T11:52:00+05:30,548.8,549.2,548.75,548.85,91592
283,2023-01-27T11:53:00+05:30,548.85,548.85,546.45,547.25,224223
284,2023-01-27T11:54:00+05:30,547.45,547.45,546.5,547.0,135120
285,2023-01-27T11:55:00+05:30,546.9,547.35,546.0,546.05,108985
286,2023-01-27T11:56:00+05:30,546.15,546.5,544.1,544.9,260829
287,2023-01-27T11:57:00+05:30,545.0,545.75,544.75,545.55,86216
288,2023-01-27T11:58:00+05:30,545.55,546.9,545.45,546.75,120505
289,2023-01-27T11:59:00+05:30,546.75,548.6,546.75,548.35,169062
290,2023-01-27T12:00:00+05:30,548.45,549.4,548.15,548.2,137365
291,2023-01-27T12:01:00+05:30,548.15,548.2,545.3,545.4,312477
292,2023-01-27T12:02:00+05:30,545.45,547.9,545.3,547.9,244452
293,2023-01-27T12:03:00+05:30,547.75,547.75,546.85,547.0,221966
294,2023-01-27T12:04:00+05:30,547.0,547.8,546.9,547.0,141063
295,2023-01-27T12:05:00+05:30,547.0,547.0,546.1,546.25,72763
296,2023-01-27T12:06:00+05:30,546.25,546.5,545.0,545.0,224808
297,2023-01-27T12:07:00+05:30,545.0,545.25,543.7,544.75,280705
298,2023-01-27T12:08:00+05:30,544.75,544.75,543.0,543.4,105010
299,2023-01-27T12:09:00+05:30,543.3,544.9,543.15,544.6,93293
300,2023-01-27T12:10:00+05:30,544.65,545.4,544.25,545.35,47795
301,2023-01-27T12:11:00+05:30,545.45,545.45,544.85,545.35,66204
302,2023-01-27T12:12:00+05:30,545.3,545.3,544.55,544.55,62920
303,2023-01-27T12:13:00+05:30,544.55,545.0,544.3,544.6,54365
304,2023-01-27T12:14:00+05:30,544.6,545.1,544.55,544.9,46388
305,2023-01-27T12:15:00+05:30,544.8,545.15,544.3,544.3,59630
306,2023-01-27T12:16:00+05:30,544.25,544.35,543.35,543.4,57701
307,2023-01-27T12:17:00+05:30,543.4,543.6,542.5,542.95,94379
308,2023-01-27T12:18:00+05:30,543.0,543.25,542.7,543.0,77543
309,2023-01-27T12:19:00+05:30,543.1,543.45,542.75,543.25,88925
310,2023-01-27T12:20:00+05:30,543.1,543.35,542.8,543.05,63810
311,2023-01-27T12:21:00+05:30,543.05,543.9,543.05,543.5,98006
312,2023-01-27T12:22:00+05:30,543.6,543.75,543.15,543.6,64216
313,2023-01-27T12:23:00+05:30,543.55,544.45,543.55,543.9,97536
314,2023-01-27T12:24:00+05:30,543.9,543.9,543.4,543.65,51271
315,2023-01-27T12:25:00+05:30,543.65,544.0,543.05,543.9,83468
316,2023-01-27T12:26:00+05:30,543.9,543.9,543.3,543.6,57847
317,2023-01-27T12:27:00+05:30,543.5,543.85,542.5,542.6,92719
318,2023-01-27T12:28:00+05:30,542.7,543.15,542.6,543.15,56088
319,2023-01-27T12:29:00+05:30,543.15,543.6,542.95,543.25,84017
320,2023-01-27T12:30:00+05:30,543.25,543.25,542.65,543.1,54159
321,2023-01-27T12:31:00+05:30,543.0,543.5,542.9,543.5,47656
322,2023-01-27T12:32:00+05:30,543.4,543.4,541.95,542.4,288660
323,2023-01-27T12:33:00+05:30,542.5,542.5,541.15,541.5,312496
324,2023-01-27T12:34:00+05:30,541.5,541.8,539.7,540.0,579361
325,2023-01-27T12:35:00+05:30,539.95,540.0,538.3,538.35,146207
326,2023-01-27T12:36:00+05:30,538.3,538.85,538.0,538.45,142316
327,2023-01-27T12:37:00+05:30,538.3,538.3,534.25,534.5,416455
328,2023-01-27T12:38:00+05:30,534.1,535.55,532.25,534.3,336185
329,2023-01-27T12:39:00+05:30,534.3,537.65,534.3,537.25,195022
330,2023-01-27T12:40:00+05:30,537.05,538.75,537.0,538.5,192788
331,2023-01-27T12:41:00+05:30,538.5,539.7,538.45,538.95,134708
332,2023-01-27T12:42:00+05:30,538.7,540.15,538.5,540.0,167426
333,2023-01-27T12:43:00+05:30,539.8,540.4,539.5,539.6,107824
334,2023-01-27T12:44:00+05:30,539.45,540.55,539.45,540.0,77891
335,2023-01-27T12:45:00+05:30,539.8,540.5,539.65,539.95,65124
336,2023-01-27T12:46:00+05:30,539.95,540.3,539.55,539.55,78733
337,2023-01-27T12:47:00+05:30,539.5,540.1,539.0,540.1,99894
338,2023-01-27T12:48:00+05:30,540.1,540.7,539.95,540.3,110284
339,2023-01-27T12:49:00+05:30,540.3,540.9,539.75,539.85,191385
340,2023-01-27T12:50:00+05:30,539.8,540.75,539.75,540.65,133086
341,2023-01-27T12:51:00+05:30,540.65,540.65,539.2,539.25,101039
342,2023-01-27T12:52:00+05:30,539.2,539.45,538.65,538.75,150222
343,2023-01-27T12:53:00+05:30,538.75,539.4,538.7,538.7,117363
344,2023-01-27T12:54:00+05:30,538.65,539.25,538.3,538.3,155007
345,2023-01-27T12:55:00+05:30,538.35,539.5,537.85,539.45,170561
346,2023-01-27T12:56:00+05:30,539.4,541.45,539.15,541.4,155309
347,2023-01-27T12:57:00+05:30,541.4,541.9,540.1,540.75,234093
348,2023-01-27T12:58:00+05:30,540.95,543.35,540.95,543.2,142137
349,2023-01-27T12:59:00+05:30,543.1,543.5,542.65,543.35,141923
350,2023-01-27T13:00:00+05:30,543.4,545.85,543.4,545.85,154770
351,2023-01-27T13:01:00+05:30,545.7,545.85,544.55,544.65,132419
352,2023-01-27T13:02:00+05:30,544.6,545.0,543.85,545.0,69222
353,2023-01-27T13:03:00+05:30,545.0,545.8,544.65,545.4,88127
354,2023-01-27T13:04:00+05:30,545.35,546.0,545.05,545.35,99971
355,2023-01-27T13:05:00+05:30,545.35,545.9,545.3,545.75,46002
356,2023-01-27T13:06:00+05:30,545.9,546.0,545.05,545.3,95693
357,2023-01-27T13:07:00+05:30,545.35,545.9,545.0,545.8,101917
358,2023-01-27T13:08:00+05:30,545.75,545.85,544.65,544.95,53978
359,2023-01-27T13:09:00+05:30,544.95,545.1,543.2,543.8,82495
360,2023-01-27T13:10:00+05:30,543.75,544.5,543.5,544.45,84517
361,2023-01-27T13:11:00+05:30,544.7,544.9,544.2,544.6,48248
362,2023-01-27T13:12:00+05:30,544.75,545.4,544.65,544.9,51994
363,2023-01-27T13:13:00+05:30,544.9,544.95,544.2,544.5,54386
364,2023-01-27T13:14:00+05:30,544.5,545.25,544.4,544.8,87477
365,2023-01-27T13:15:00+05:30,545.0,545.85,544.75,545.0,90621
366,2023-01-27T13:16:00+05:30,545.15,545.3,544.6,544.65,53457
367,2023-01-27T13:17:00+05:30,544.65,545.15,544.0,545.05,46845
368,2023-01-27T13:18:00+05:30,545.1,545.1,544.3,544.9,42539
369,2023-01-27T13:19:00+05:30,545.0,545.1,544.35,544.35,36183
370,2023-01-27T13:20:00+05:30,544.4,545.15,544.1,545.1,65021
371,2023-01-27T13:21:00+05:30,545.15,545.95,545.05,545.3,61470
372,2023-01-27T13:22:00+05:30,545.3,545.3,544.65,544.65,41947
373,2023-01-27T13:23:00+05:30,544.7,545.3,544.25,545.3,42302
374,2023-01-27T13:24:00+05:30,545.3,545.85,545.0,545.1,66532
375,2023-01-27T13:25:00+05:30,545.1,546.0,543.85,544.0,182067
376,2023-01-27T13:26:00+05:30,543.95,544.3,543.25,543.3,57898
377,2023-01-27T13:27:00+05:30,543.35,543.35,542.2,542.6,97189
378,2023-01-27T13:28:00+05:30,542.65,542.85,541.75,542.05,107563
379,2023-01-27T13:29:00+05:30,542.05,542.35,541.0,541.5,72395
380,2023-01-27T13:30:00+05:30,541.5,542.0,541.25,541.65,107367
381,2023-01-27T13:31:00+05:30,541.7,542.0,541.5,541.95,42996
382,2023-01-27T13:32:00+05:30,541.9,542.7,541.9,542.35,51795
383,2023-01-27T13:33:00+05:30,542.35,543.3,542.1,542.35,72531
384,2023-01-27T13:34:00+05:30,542.2,542.6,541.65,541.65,67288
385,2023-01-27T13:35:00+05:30,541.65,542.45,541.65,542.25,41081
386,2023-01-27T13:36:00+05:30,542.2,542.2,541.65,541.8,68383
387,2023-01-27T13:37:00+05:30,542.0,542.25,541.85,541.9,181685
388,2023-01-27T13:38:00+05:30,541.9,542.5,541.8,542.0,217245
389,2023-01-27T13:39:00+05:30,542.0,542.35,541.45,541.6,188769
390,2023-01-27T13:40:00+05:30,541.8,542.2,541.6,542.1,100201
391,2023-01-27T13:41:00+05:30,541.9,542.4,541.85,541.95,41266
392,2023-01-27T13:42:00+05:30,541.9,542.35,541.9,542.3,38221
393,2023-01-27T13:43:00+05:30,542.4,542.45,542.0,542.1,70820
394,2023-01-27T13:44:00+05:30,542.1,542.5,542.05,542.35,103789
395,2023-01-27T13:45:00+05:30,542.25,542.25,541.5,541.5,86710
396,2023-01-27T13:46:00+05:30,541.45,541.45,540.1,540.15,82807
397,2023-01-27T13:47:00+05:30,540.15,540.15,539.05,539.35,137725
398,2023-01-27T13:48:00+05:30,539.35,539.55,538.6,538.65,69995
399,2023-01-27T13:49:00+05:30,538.65,539.0,538.5,538.9,51272
400,2023-01-27T13:50:00+05:30,538.7,538.75,536.8,536.8,112081
401,2023-01-27T13:51:00+05:30,536.8,537.75,536.8,537.3,77573
402,2023-01-27T13:52:00+05:30,537.25,537.6,537.1,537.5,85860
403,2023-01-27T13:53:00+05:30,537.6,537.9,537.3,537.4,63640
404,2023-01-27T13:54:00+05:30,537.45,537.7,537.15,537.65,59558
405,2023-01-27T13:55:00+05:30,537.65,538.95,537.65,538.8,71408
406,2023-01-27T13:56:00+05:30,538.8,539.2,537.85,537.85,69049
407,2023-01-27T13:57:00+05:30,537.85,538.75,537.75,538.45,50061
408,2023-01-27T13:58:00+05:30,538.45,539.05,538.45,538.8,36239
409,2023-01-27T13:59:00+05:30,538.8,539.15,538.8,539.0,28964
410,2023-01-27T14:00:00+05:30,538.7,539.45,538.7,539.2,75950
411,2023-01-27T14:01:00+05:30,539.2,539.25,538.5,538.75,44752
412,2023-01-27T14:02:00+05:30,538.75,538.95,538.55,538.9,41041
413,2023-01-27T14:03:00+05:30,538.9,538.9,538.5,538.55,41658
414,2023-01-27T14:04:00+05:30,538.55,538.55,538.25,538.35,37664
415,2023-01-27T14:05:00+05:30,538.35,538.9,538.2,538.2,74752
416,2023-01-27T14:06:00+05:30,538.25,538.5,537.9,537.9,60280
417,2023-01-27T14:07:00+05:30,537.8,538.35,537.65,538.15,55542
418,2023-01-27T14:08:00+05:30,538.2,538.3,538.15,538.25,37255
419,2023-01-27T14:09:00+05:30,538.3,538.3,535.7,536.05,142675
420,2023-01-27T14:10:00+05:30,536.0,536.4,535.55,535.75,82777
421,2023-01-27T14:11:00+05:30,535.7,537.15,535.7,536.35,65859
422,2023-01-27T14:12:00+05:30,536.35,536.45,536.05,536.2,50775
423,2023-01-27T14:13:00+05:30,536.2,537.25,536.0,537.2,78825
424,2023-01-27T14:14:00+05:30,537.2,537.25,535.65,536.05,83819
425,2023-01-27T14:15:00+05:30,536.0,536.75,536.0,536.45,59445
426,2023-01-27T14:16:00+05:30,536.45,537.45,536.25,537.45,72239
427,2023-01-27T14:17:00+05:30,537.45,537.8,536.85,537.75,72320
428,2023-01-27T14:18:00+05:30,537.75,538.15,537.65,537.95,99560
429,2023-01-27T14:19:00+05:30,537.95,537.95,537.35,537.5,44205
430,2023-01-27T14:20:00+05:30,537.8,538.05,537.35,537.4,57922
431,2023-01-27T14:21:00+05:30,537.4,537.85,537.0,537.75,51161
432,2023-01-27T14:22:00+05:30,537.75,537.75,537.4,537.6,41469
433,2023-01-27T14:23:00+05:30,537.6,538.85,537.6,538.85,68672
434,2023-01-27T14:24:00+05:30,538.9,538.9,538.0,538.0,61225
435,2023-01-27T14:25:00+05:30,538.05,539.1,538.0,538.8,74444
436,2023-01-27T14:26:00+05:30,538.85,539.7,538.8,539.55,65538
437,2023-01-27T14:27:00+05:30,539.4,539.45,538.15,538.3,53818
438,2023-01-27T14:28:00+05:30,538.3,538.7,538.0,538.45,54789
439,2023-01-27T14:29:00+05:30,538.45,538.5,537.95,538.5,56263
440,2023-01-27T14:30:00+05:30,538.4,539.15,537.3,538.8,166211
441,2023-01-27T14:31:00+05:30,538.75,538.8,538.2,538.65,53855
442,2023-01-27T14:32:00+05:30,538.7,538.8,538.4,538.45,170268
443,2023-01-27T14:33:00+05:30,538.45,538.85,538.45,538.65,64638
444,2023-01-27T14:34:00+05:30,538.65,538.8,538.2,538.65,54651
445,2023-01-27T14:35:00+05:30,538.6,538.65,538.0,538.1,47108
446,2023-01-27T14:36:00+05:30,538.1,538.15,537.6,537.6,45760
447,2023-01-27T14:37:00+05:30,537.65,538.1,537.55,538.1,53564
448,2023-01-27T14:38:00+05:30,538.1,538.45,537.8,538.0,39517
449,2023-01-27T14:39:00+05:30,538.0,538.4,537.7,538.35,54675
450,2023-01-27T14:40:00+05:30,538.15,538.35,537.8,538.35,45088
451,2023-01-27T14:41:00+05:30,538.3,538.35,538.0,538.15,39008
452,2023-01-27T14:42:00+05:30,538.2,538.25,538.0,538.05,41443
453,2023-01-27T14:43:00+05:30,538.1,538.1,537.0,537.15,93251
454,2023-01-27T14:44:00+05:30,537.15,537.85,537.0,537.3,61068
455,2023-01-27T14:45:00+05:30,537.3,537.85,537.3,537.85,39450
456,2023-01-27T14:46:00+05:30,537.8,538.55,537.8,538.2,58941
457,2023-01-27T14:47:00+05:30,538.2,538.8,538.2,538.75,70399
458,2023-01-27T14:48:00+05:30,538.75,538.8,538.25,538.7,104346
459,2023-01-27T14:49:00+05:30,538.75,539.0,537.55,537.55,240880
460,2023-01-27T14:50:00+05:30,537.55,539.3,537.45,539.0,90957
461,2023-01-27T14:51:00+05:30,539.0,539.5,538.75,539.45,88850
462,2023-01-27T14:52:00+05:30,539.5,539.9,539.3,539.85,87596
463,2023-01-27T14:53:00+05:30,539.9,539.9,539.1,539.1,44769
464,2023-01-27T14:54:00+05:30,539.2,539.7,538.95,539.3,65032
465,2023-01-27T14:55:00+05:30,539.2,539.7,539.1,539.1,39868
466,2023-01-27T14:56:00+05:30,539.1,539.1,538.25,538.75,64107
467,2023-01-27T14:57:00+05:30,538.75,538.9,538.5,538.55,46968
468,2023-01-27T14:58:00+05:30,538.5,538.5,537.75,537.85,57937
469,2023-01-27T14:59:00+05:30,537.85,538.8,537.85,538.7,73968
470,2023-01-27T15:00:00+05:30,538.7,539.0,538.5,539.0,351898
471,2023-01-27T15:01:00+05:30,539.0,540.1,538.95,540.0,134104
472,2023-01-27T15:02:00+05:30,540.0,540.15,539.45,540.0,216298
473,2023-01-27T15:03:00+05:30,540.0,540.0,539.25,539.65,66376
474,2023-01-27T15:04:00+05:30,539.65,539.75,539.35,539.7,53105
475,2023-01-27T15:05:00+05:30,539.7,540.0,539.5,539.8,97055
476,2023-01-27T15:06:00+05:30,539.85,540.0,539.75,539.9,120169
477,2023-01-27T15:07:00+05:30,539.95,540.0,539.8,539.95,97619
478,2023-01-27T15:08:00+05:30,539.95,540.0,539.8,540.0,82541
479,2023-01-27T15:09:00+05:30,540.0,540.0,539.9,540.0,154631
480,2023-01-27T15:10:00+05:30,540.0,540.65,539.95,540.3,264251
481,2023-01-27T15:11:00+05:30,540.25,540.45,540.2,540.2,80928
482,2023-01-27T15:12:00+05:30,540.2,540.35,540.1,540.15,109355
483,2023-01-27T15:13:00+05:30,540.1,540.15,539.4,539.9,116784
484,2023-01-27T15:14:00+05:30,539.9,539.9,539.0,539.35,114955
485,2023-01-27T15:15:00+05:30,539.3,539.7,539.05,539.3,174023
486,2023-01-27T15:16:00+05:30,539.25,539.3,538.8,539.0,132978
487,2023-01-27T15:17:00+05:30,539.0,539.05,538.7,538.9,185744
488,2023-01-27T15:18:00+05:30,538.95,539.8,538.85,539.55,157227
489,2023-01-27T15:19:00+05:30,539.6,540.2,539.6,540.05,105600
490,2023-01-27T15:20:00+05:30,540.2,541.2,539.95,541.15,275796
491,2023-01-27T15:21:00+05:30,541.15,541.35,541.0,541.0,101416
492,2023-01-27T15:22:00+05:30,541.05,541.25,540.85,541.2,65105
493,2023-01-27T15:23:00+05:30,541.15,541.3,540.75,540.75,69324
494,2023-01-27T15:24:00+05:30,540.7,541.0,540.55,541.0,112150
495,2023-01-27T15:25:00+05:30,541.0,541.2,540.9,541.15,88019
496,2023-01-27T15:26:00+05:30,541.15,541.4,541.05,541.3,94141
497,2023-01-27T15:27:00+05:30,541.35,541.35,541.0,541.1,83031
498,2023-01-27T15:28:00+05:30,541.0,541.3,541.0,541.3,93741
499,2023-01-27T15:29:00+05:30,541.25,542.0,539.95,539.95,81234
